name,schema_name,url,base_diff_pct,refresh_diff_pct,cls_after_click,cls_after_manual,status,error,pre_click_png,post_click_png,post_refresh_png,base_diff_png,refresh_diff_png
Dawn,,https://theme-dawn-demo.myshopify.com/products/bo-ivy-black,,,,,ERROR,Navigation timeout of 60000 ms exceeded,C:\Users\aman\Desktop\shopify-theme\e2e\out\dawn\pre_click.png,C:\Users\aman\Desktop\shopify-theme\e2e\out\dawn\post_click.png,C:\Users\aman\Desktop\shopify-theme\e2e\out\dawn\post_refresh.png,C:\Users\aman\Desktop\shopify-theme\e2e\out\dawn\base_diff.png,C:\Users\aman\Desktop\shopify-theme\e2e\out\dawn\refresh_diff.png
Nest,Mr Parker,https://mrparkerdemo.myshopify.com/collections/bed-bath/products/unikko-f-q-duvet-set,11.9833,53.8873,0.0002706656234728357,0.0625342278801642,NO-PASS,refresh_nonzero_change,C:\Users\aman\Desktop\shopify-theme\e2e\out\nest\pre_click.png,C:\Users\aman\Desktop\shopify-theme\e2e\out\nest\post_click.png,C:\Users\aman\Desktop\shopify-theme\e2e\out\nest\post_refresh.png,C:\Users\aman\Desktop\shopify-theme\e2e\out\nest\base_diff.png,C:\Users\aman\Desktop\shopify-theme\e2e\out\nest\refresh_diff.png
Balance,,https://impact-theme-shape.myshopify.com/products/infinity-bra-navy-blue,,,,,ERROR,Navigation timeout of 60000 ms exceeded,C:\Users\aman\Desktop\shopify-theme\e2e\out\balance\pre_click.png,C:\Users\aman\Desktop\shopify-theme\e2e\out\balance\post_click.png,C:\Users\aman\Desktop\shopify-theme\e2e\out\balance\post_refresh.png,C:\Users\aman\Desktop\shopify-theme\e2e\out\balance\base_diff.png,C:\Users\aman\Desktop\shopify-theme\e2e\out\balance\refresh_diff.png
Pillar,Hyper,https://hyper-pillar.myshopify.com/products/breezy-sock,28.3344,54.3552,0,0.0011186944444444443,NO-PASS,refresh_nonzero_change,C:\Users\aman\Desktop\shopify-theme\e2e\out\pillar\pre_click.png,C:\Users\aman\Desktop\shopify-theme\e2e\out\pillar\post_click.png,C:\Users\aman\Desktop\shopify-theme\e2e\out\pillar\post_refresh.png,C:\Users\aman\Desktop\shopify-theme\e2e\out\pillar\base_diff.png,C:\Users\aman\Desktop\shopify-theme\e2e\out\pillar\refresh_diff.png
Flora,Grid,https://grid-theme-light.myshopify.com/collections/clearance/products/finn-jumpsuit-poppy?variant=32029844832330,20.5858,,0.023580932760376778,,ERROR,no_variant_available,C:\Users\aman\Desktop\shopify-theme\e2e\out\flora\pre_click.png,C:\Users\aman\Desktop\shopify-theme\e2e\out\flora\post_click.png,C:\Users\aman\Desktop\shopify-theme\e2e\out\flora\post_refresh.png,C:\Users\aman\Desktop\shopify-theme\e2e\out\flora\base_diff.png,C:\Users\aman\Desktop\shopify-theme\e2e\out\flora\refresh_diff.png
Jellybean,,https://uplift-theme-myshopify.com/products/beanie-lion,,,,,ERROR,net::ERR_NAME_NOT_RESOLVED at https://uplift-theme-myshopify.com/products/beanie-lion,C:\Users\aman\Desktop\shopify-theme\e2e\out\jellybean\pre_click.png,C:\Users\aman\Desktop\shopify-theme\e2e\out\jellybean\post_click.png,C:\Users\aman\Desktop\shopify-theme\e2e\out\jellybean\post_refresh.png,C:\Users\aman\Desktop\shopify-theme\e2e\out\jellybean\base_diff.png,C:\Users\aman\Desktop\shopify-theme\e2e\out\jellybean\refresh_diff.png
Dawn,Dawn,https://theme-dawn-demo.myshopify.com/products/bo-ivy-black,1.4850,5.4890,0,0,NO-PASS,refresh_nonzero_change,C:\Users\aman\Desktop\shopify-theme\e2e\out\dawn\pre_click.png,C:\Users\aman\Desktop\shopify-theme\e2e\out\dawn\post_click.png,C:\Users\aman\Desktop\shopify-theme\e2e\out\dawn\post_refresh.png,C:\Users\aman\Desktop\shopify-theme\e2e\out\dawn\base_diff.png,C:\Users\aman\Desktop\shopify-theme\e2e\out\dawn\refresh_diff.png
Nest,,https://mrparkerdemo.myshopify.com/collections/bed-bath/products/unikko-f-q-duvet-set,,,,,ERROR,Attempted to use detached Frame '188FA72680D643E02F314C03DA94D2C6'.,C:\Users\aman\Desktop\shopify-theme\e2e\out\nest\pre_click.png,C:\Users\aman\Desktop\shopify-theme\e2e\out\nest\post_click.png,C:\Users\aman\Desktop\shopify-theme\e2e\out\nest\post_refresh.png,C:\Users\aman\Desktop\shopify-theme\e2e\out\nest\base_diff.png,C:\Users\aman\Desktop\shopify-theme\e2e\out\nest\refresh_diff.png
Dawn,Dawn,https://theme-dawn-demo.myshopify.com/products/bo-ivy-black,1.4704,5.4744,0,0.0007147814706831374,NO-PASS,refresh_nonzero_change,C:\Users\aman\Desktop\shopify-theme\e2e\out\dawn\pre_click.png,C:\Users\aman\Desktop\shopify-theme\e2e\out\dawn\post_click.png,C:\Users\aman\Desktop\shopify-theme\e2e\out\dawn\post_refresh.png,C:\Users\aman\Desktop\shopify-theme\e2e\out\dawn\base_diff.png,C:\Users\aman\Desktop\shopify-theme\e2e\out\dawn\refresh_diff.png
Nest,Mr Parker,https://mrparkerdemo.myshopify.com/collections/bed-bath/products/unikko-f-q-duvet-set,7.5267,53.6965,0,0.06551365505955625,NO-PASS,refresh_nonzero_change,C:\Users\aman\Desktop\shopify-theme\e2e\out\nest\pre_click.png,C:\Users\aman\Desktop\shopify-theme\e2e\out\nest\post_click.png,C:\Users\aman\Desktop\shopify-theme\e2e\out\nest\post_refresh.png,C:\Users\aman\Desktop\shopify-theme\e2e\out\nest\base_diff.png,C:\Users\aman\Desktop\shopify-theme\e2e\out\nest\refresh_diff.png
Balance,Impact,https://impact-theme-shape.myshopify.com/products/infinity-bra-navy-blue,44.7356,70.6808,0,0.0031307862654320986,NO-PASS,refresh_nonzero_change,C:\Users\aman\Desktop\shopify-theme\e2e\out\balance\pre_click.png,C:\Users\aman\Desktop\shopify-theme\e2e\out\balance\post_click.png,C:\Users\aman\Desktop\shopify-theme\e2e\out\balance\post_refresh.png,C:\Users\aman\Desktop\shopify-theme\e2e\out\balance\base_diff.png,C:\Users\aman\Desktop\shopify-theme\e2e\out\balance\refresh_diff.png
Pillar,Hyper,https://hyper-pillar.myshopify.com/products/breezy-sock,80.1500,54.2233,0,0.0002611388888888889,NO-PASS,refresh_nonzero_change,C:\Users\aman\Desktop\shopify-theme\e2e\out\pillar\pre_click.png,C:\Users\aman\Desktop\shopify-theme\e2e\out\pillar\post_click.png,C:\Users\aman\Desktop\shopify-theme\e2e\out\pillar\post_refresh.png,C:\Users\aman\Desktop\shopify-theme\e2e\out\pillar\base_diff.png,C:\Users\aman\Desktop\shopify-theme\e2e\out\pillar\refresh_diff.png
Flora,Grid,https://grid-theme-light.myshopify.com/collections/clearance/products/finn-jumpsuit-poppy?variant=32029844832330,,,,,ERROR,Page.captureScreenshot timed out. Increase the 'protocolTimeout' setting in launch/connect calls for a higher timeout if needed.,C:\Users\aman\Desktop\shopify-theme\e2e\out\flora\pre_click.png,C:\Users\aman\Desktop\shopify-theme\e2e\out\flora\post_click.png,C:\Users\aman\Desktop\shopify-theme\e2e\out\flora\post_refresh.png,C:\Users\aman\Desktop\shopify-theme\e2e\out\flora\base_diff.png,C:\Users\aman\Desktop\shopify-theme\e2e\out\flora\refresh_diff.png
Jellybean,,https://uplift-theme-myshopify.com/products/beanie-lion,,,,,ERROR,net::ERR_NAME_NOT_RESOLVED at https://uplift-theme-myshopify.com/products/beanie-lion,C:\Users\aman\Desktop\shopify-theme\e2e\out\jellybean\pre_click.png,C:\Users\aman\Desktop\shopify-theme\e2e\out\jellybean\post_click.png,C:\Users\aman\Desktop\shopify-theme\e2e\out\jellybean\post_refresh.png,C:\Users\aman\Desktop\shopify-theme\e2e\out\jellybean\base_diff.png,C:\Users\aman\Desktop\shopify-theme\e2e\out\jellybean\refresh_diff.png
Dawn,Dawn,https://theme-dawn-demo.myshopify.com/products/bo-ivy-black,3.8450,0.2558,0,0,NO-PASS,refresh_nonzero_change,C:\Users\aman\Desktop\shopify-theme\e2e\out\dawn\pre_click.png,C:\Users\aman\Desktop\shopify-theme\e2e\out\dawn\post_click.png,C:\Users\aman\Desktop\shopify-theme\e2e\out\dawn\post_refresh.png,C:\Users\aman\Desktop\shopify-theme\e2e\out\dawn\base_diff.png,C:\Users\aman\Desktop\shopify-theme\e2e\out\dawn\refresh_diff.png
Nest,Mr Parker,https://mrparkerdemo.myshopify.com/collections/bed-bath/products/unikko-f-q-duvet-set,10.0908,53.4156,0,0.06551365505955627,NO-PASS,refresh_nonzero_change,C:\Users\aman\Desktop\shopify-theme\e2e\out\nest\pre_click.png,C:\Users\aman\Desktop\shopify-theme\e2e\out\nest\post_click.png,C:\Users\aman\Desktop\shopify-theme\e2e\out\nest\post_refresh.png,C:\Users\aman\Desktop\shopify-theme\e2e\out\nest\base_diff.png,C:\Users\aman\Desktop\shopify-theme\e2e\out\nest\refresh_diff.png
Balance,Impact,https://impact-theme-shape.myshopify.com/products/infinity-bra-navy-blue,85.0621,0.0015,0.0031307862654320986,0.0031307862654320986,PASS,,C:\Users\aman\Desktop\shopify-theme\e2e\out\balance\pre_click.png,C:\Users\aman\Desktop\shopify-theme\e2e\out\balance\post_click.png,C:\Users\aman\Desktop\shopify-theme\e2e\out\balance\post_refresh.png,C:\Users\aman\Desktop\shopify-theme\e2e\out\balance\base_diff.png,C:\Users\aman\Desktop\shopify-theme\e2e\out\balance\refresh_diff.png
Pillar,Hyper,https://hyper-pillar.myshopify.com/products/breezy-sock,27.2579,51.5217,0,0.013570610198752628,NO-PASS,refresh_nonzero_change,C:\Users\aman\Desktop\shopify-theme\e2e\out\pillar\pre_click.png,C:\Users\aman\Desktop\shopify-theme\e2e\out\pillar\post_click.png,C:\Users\aman\Desktop\shopify-theme\e2e\out\pillar\post_refresh.png,C:\Users\aman\Desktop\shopify-theme\e2e\out\pillar\base_diff.png,C:\Users\aman\Desktop\shopify-theme\e2e\out\pillar\refresh_diff.png
Flora,Grid,https://grid-theme-light.myshopify.com/collections/clearance/products/finn-jumpsuit-poppy?variant=32029844832330,6.9675,2.7827,0,0.023703271479193752,NO-PASS,refresh_nonzero_change,C:\Users\aman\Desktop\shopify-theme\e2e\out\flora\pre_click.png,C:\Users\aman\Desktop\shopify-theme\e2e\out\flora\post_click.png,C:\Users\aman\Desktop\shopify-theme\e2e\out\flora\post_refresh.png,C:\Users\aman\Desktop\shopify-theme\e2e\out\flora\base_diff.png,C:\Users\aman\Desktop\shopify-theme\e2e\out\flora\refresh_diff.png
Jellybean,,https://uplift-theme-myshopify.com/products/beanie-lion,,,,,ERROR,net::ERR_NAME_NOT_RESOLVED at https://uplift-theme-myshopify.com/products/beanie-lion,C:\Users\aman\Desktop\shopify-theme\e2e\out\jellybean\pre_click.png,C:\Users\aman\Desktop\shopify-theme\e2e\out\jellybean\post_click.png,C:\Users\aman\Desktop\shopify-theme\e2e\out\jellybean\post_refresh.png,C:\Users\aman\Desktop\shopify-theme\e2e\out\jellybean\base_diff.png,C:\Users\aman\Desktop\shopify-theme\e2e\out\jellybean\refresh_diff.png
Dawn,Dawn,https://theme-dawn-demo.myshopify.com/products/bo-ivy-black,1.4771,1.5277,0,0,NO-PASS,refresh_nonzero_change,C:\Users\aman\Desktop\shopify-theme\e2e\out\dawn\pre_click.png,C:\Users\aman\Desktop\shopify-theme\e2e\out\dawn\post_click.png,C:\Users\aman\Desktop\shopify-theme\e2e\out\dawn\post_refresh.png,C:\Users\aman\Desktop\shopify-theme\e2e\out\dawn\base_diff.png,C:\Users\aman\Desktop\shopify-theme\e2e\out\dawn\refresh_diff.png
Dawn,Dawn,https://theme-dawn-demo.myshopify.com/products/bo-ivy-black,1.4704,,0,,ERROR,Protocol error (Runtime.callFunctionOn): Target closed,C:\Users\aman\Desktop\shopify-theme\e2e\out\dawn\pre_click.png,C:\Users\aman\Desktop\shopify-theme\e2e\out\dawn\post_click.png,C:\Users\aman\Desktop\shopify-theme\e2e\out\dawn\post_refresh.png,C:\Users\aman\Desktop\shopify-theme\e2e\out\dawn\base_diff.png,C:\Users\aman\Desktop\shopify-theme\e2e\out\dawn\refresh_diff.png
Nest,,https://mrparkerdemo.myshopify.com/collections/bed-bath/products/unikko-f-q-duvet-set,,,,,ERROR,Attempted to use detached Frame 'B0447883EE91454997F051B7E43B5CA6'.,C:\Users\aman\Desktop\shopify-theme\e2e\out\nest\pre_click.png,C:\Users\aman\Desktop\shopify-theme\e2e\out\nest\post_click.png,C:\Users\aman\Desktop\shopify-theme\e2e\out\nest\post_refresh.png,C:\Users\aman\Desktop\shopify-theme\e2e\out\nest\base_diff.png,C:\Users\aman\Desktop\shopify-theme\e2e\out\nest\refresh_diff.png
Balance,,https://impact-theme-shape.myshopify.com/products/infinity-bra-navy-blue,,,,,ERROR,Attempted to use detached Frame 'B0447883EE91454997F051B7E43B5CA6'.,C:\Users\aman\Desktop\shopify-theme\e2e\out\balance\pre_click.png,C:\Users\aman\Desktop\shopify-theme\e2e\out\balance\post_click.png,C:\Users\aman\Desktop\shopify-theme\e2e\out\balance\post_refresh.png,C:\Users\aman\Desktop\shopify-theme\e2e\out\balance\base_diff.png,C:\Users\aman\Desktop\shopify-theme\e2e\out\balance\refresh_diff.png
Pillar,,https://hyper-pillar.myshopify.com/products/breezy-sock,,,,,ERROR,Attempted to use detached Frame 'B0447883EE91454997F051B7E43B5CA6'.,C:\Users\aman\Desktop\shopify-theme\e2e\out\pillar\pre_click.png,C:\Users\aman\Desktop\shopify-theme\e2e\out\pillar\post_click.png,C:\Users\aman\Desktop\shopify-theme\e2e\out\pillar\post_refresh.png,C:\Users\aman\Desktop\shopify-theme\e2e\out\pillar\base_diff.png,C:\Users\aman\Desktop\shopify-theme\e2e\out\pillar\refresh_diff.png
Flora,,https://grid-theme-light.myshopify.com/collections/clearance/products/finn-jumpsuit-poppy?variant=32029844832330,,,,,ERROR,Attempted to use detached Frame 'B0447883EE91454997F051B7E43B5CA6'.,C:\Users\aman\Desktop\shopify-theme\e2e\out\flora\pre_click.png,C:\Users\aman\Desktop\shopify-theme\e2e\out\flora\post_click.png,C:\Users\aman\Desktop\shopify-theme\e2e\out\flora\post_refresh.png,C:\Users\aman\Desktop\shopify-theme\e2e\out\flora\base_diff.png,C:\Users\aman\Desktop\shopify-theme\e2e\out\flora\refresh_diff.png
Jellybean,,https://uplift-theme-myshopify.com/products/beanie-lion,,,,,ERROR,Attempted to use detached Frame 'B0447883EE91454997F051B7E43B5CA6'.,C:\Users\aman\Desktop\shopify-theme\e2e\out\jellybean\pre_click.png,C:\Users\aman\Desktop\shopify-theme\e2e\out\jellybean\post_click.png,C:\Users\aman\Desktop\shopify-theme\e2e\out\jellybean\post_refresh.png,C:\Users\aman\Desktop\shopify-theme\e2e\out\jellybean\base_diff.png,C:\Users\aman\Desktop\shopify-theme\e2e\out\jellybean\refresh_diff.png
Dawn,Dawn,https://theme-dawn-demo.myshopify.com/products/bo-ivy-black,1.4706,9.6277,0,0.00897365586419753,NO-PASS,refresh_nonzero_change,C:\Users\aman\Desktop\shopify-theme\e2e\out\dawn\pre_click.png,C:\Users\aman\Desktop\shopify-theme\e2e\out\dawn\post_click.png,C:\Users\aman\Desktop\shopify-theme\e2e\out\dawn\post_refresh.png,C:\Users\aman\Desktop\shopify-theme\e2e\out\dawn\base_diff.png,C:\Users\aman\Desktop\shopify-theme\e2e\out\dawn\refresh_diff.png
Nest,Mr Parker,https://mrparkerdemo.myshopify.com/collections/bed-bath/products/unikko-f-q-duvet-set,23.7204,53.2721,0.0002706656234728357,0.06549494470266631,NO-PASS,refresh_nonzero_change,C:\Users\aman\Desktop\shopify-theme\e2e\out\nest\pre_click.png,C:\Users\aman\Desktop\shopify-theme\e2e\out\nest\post_click.png,C:\Users\aman\Desktop\shopify-theme\e2e\out\nest\post_refresh.png,C:\Users\aman\Desktop\shopify-theme\e2e\out\nest\base_diff.png,C:\Users\aman\Desktop\shopify-theme\e2e\out\nest\refresh_diff.png
Balance,Impact,https://impact-theme-shape.myshopify.com/products/infinity-bra-navy-blue,44.5948,69.3690,0.002914628858024691,0.022353888117283952,NO-PASS,refresh_nonzero_change,C:\Users\aman\Desktop\shopify-theme\e2e\out\balance\pre_click.png,C:\Users\aman\Desktop\shopify-theme\e2e\out\balance\post_click.png,C:\Users\aman\Desktop\shopify-theme\e2e\out\balance\post_refresh.png,C:\Users\aman\Desktop\shopify-theme\e2e\out\balance\base_diff.png,C:\Users\aman\Desktop\shopify-theme\e2e\out\balance\refresh_diff.png
Pillar,Hyper,https://hyper-pillar.myshopify.com/products/breezy-sock,28.2627,54.3390,0,0.0002611388888888889,NO-PASS,refresh_nonzero_change,C:\Users\aman\Desktop\shopify-theme\e2e\out\pillar\pre_click.png,C:\Users\aman\Desktop\shopify-theme\e2e\out\pillar\post_click.png,C:\Users\aman\Desktop\shopify-theme\e2e\out\pillar\post_refresh.png,C:\Users\aman\Desktop\shopify-theme\e2e\out\pillar\base_diff.png,C:\Users\aman\Desktop\shopify-theme\e2e\out\pillar\refresh_diff.png
Flora,Grid,https://grid-theme-light.myshopify.com/collections/clearance/products/finn-jumpsuit-poppy?variant=32029844832330,6.9408,2.7827,0.023580932760376778,0.023703271479193752,NO-PASS,refresh_nonzero_change,C:\Users\aman\Desktop\shopify-theme\e2e\out\flora\pre_click.png,C:\Users\aman\Desktop\shopify-theme\e2e\out\flora\post_click.png,C:\Users\aman\Desktop\shopify-theme\e2e\out\flora\post_refresh.png,C:\Users\aman\Desktop\shopify-theme\e2e\out\flora\base_diff.png,C:\Users\aman\Desktop\shopify-theme\e2e\out\flora\refresh_diff.png
Jellybean,,https://uplift-theme-myshopify.com/products/beanie-lion,,,,,ERROR,Attempted to use detached Frame '567C69791189ED799874D959AB3C5E38'.,C:\Users\aman\Desktop\shopify-theme\e2e\out\jellybean\pre_click.png,C:\Users\aman\Desktop\shopify-theme\e2e\out\jellybean\post_click.png,C:\Users\aman\Desktop\shopify-theme\e2e\out\jellybean\post_refresh.png,C:\Users\aman\Desktop\shopify-theme\e2e\out\jellybean\base_diff.png,C:\Users\aman\Desktop\shopify-theme\e2e\out\jellybean\refresh_diff.png
Dawn,Dawn,https://theme-dawn-demo.myshopify.com/products/bo-ivy-black,3.2304,9.6173,0,0.004273421296296296,NO-PASS,refresh_nonzero_change,C:\Users\aman\Desktop\shopify-theme\e2e\out\dawn\pre_click.png,C:\Users\aman\Desktop\shopify-theme\e2e\out\dawn\post_click.png,C:\Users\aman\Desktop\shopify-theme\e2e\out\dawn\post_refresh.png,C:\Users\aman\Desktop\shopify-theme\e2e\out\dawn\base_diff.png,C:\Users\aman\Desktop\shopify-theme\e2e\out\dawn\refresh_diff.png
Nest,Mr Parker,https://mrparkerdemo.myshopify.com/collections/bed-bath/products/unikko-f-q-duvet-set,28.8342,55.7331,0.00006378114121868043,0.007999950122700161,NO-PASS,refresh_nonzero_change,C:\Users\aman\Desktop\shopify-theme\e2e\out\nest\pre_click.png,C:\Users\aman\Desktop\shopify-theme\e2e\out\nest\post_click.png,C:\Users\aman\Desktop\shopify-theme\e2e\out\nest\post_refresh.png,C:\Users\aman\Desktop\shopify-theme\e2e\out\nest\base_diff.png,C:\Users\aman\Desktop\shopify-theme\e2e\out\nest\refresh_diff.png
Balance,Impact,https://impact-theme-shape.myshopify.com/products/infinity-bra-navy-blue,34.7858,68.1096,0,0.000015013888888888888,NO-PASS,refresh_nonzero_change,C:\Users\aman\Desktop\shopify-theme\e2e\out\balance\pre_click.png,C:\Users\aman\Desktop\shopify-theme\e2e\out\balance\post_click.png,C:\Users\aman\Desktop\shopify-theme\e2e\out\balance\post_refresh.png,C:\Users\aman\Desktop\shopify-theme\e2e\out\balance\base_diff.png,C:\Users\aman\Desktop\shopify-theme\e2e\out\balance\refresh_diff.png
Pillar,Hyper,https://hyper-pillar.myshopify.com/products/breezy-sock,0.4490,5.1702,0,0.00808124074074074,NO-PASS,refresh_nonzero_change,C:\Users\aman\Desktop\shopify-theme\e2e\out\pillar\pre_click.png,C:\Users\aman\Desktop\shopify-theme\e2e\out\pillar\post_click.png,C:\Users\aman\Desktop\shopify-theme\e2e\out\pillar\post_refresh.png,C:\Users\aman\Desktop\shopify-theme\e2e\out\pillar\base_diff.png,C:\Users\aman\Desktop\shopify-theme\e2e\out\pillar\refresh_diff.png
Flora,Grid,https://grid-theme-light.myshopify.com/collections/clearance/products/finn-jumpsuit-poppy?variant=32029844832330,7.1029,,0.00012502653300728163,,ERROR,Protocol error (Runtime.callFunctionOn): Target closed,C:\Users\aman\Desktop\shopify-theme\e2e\out\flora\pre_click.png,C:\Users\aman\Desktop\shopify-theme\e2e\out\flora\post_click.png,C:\Users\aman\Desktop\shopify-theme\e2e\out\flora\post_refresh.png,C:\Users\aman\Desktop\shopify-theme\e2e\out\flora\base_diff.png,C:\Users\aman\Desktop\shopify-theme\e2e\out\flora\refresh_diff.png
Jellybean,,https://uplift-theme-myshopify.com/products/beanie-lion,,,,,ERROR,Attempted to use detached Frame '396B63B538AE875F5690F0B7B10FEE4A'.,C:\Users\aman\Desktop\shopify-theme\e2e\out\jellybean\pre_click.png,C:\Users\aman\Desktop\shopify-theme\e2e\out\jellybean\post_click.png,C:\Users\aman\Desktop\shopify-theme\e2e\out\jellybean\post_refresh.png,C:\Users\aman\Desktop\shopify-theme\e2e\out\jellybean\base_diff.png,C:\Users\aman\Desktop\shopify-theme\e2e\out\jellybean\refresh_diff.png
Dawn,Dawn,https://theme-dawn-demo.myshopify.com/products/bo-ivy-black,0.2950,2.4888,0,0.010157091049382717,PASS,,C:\Users\aman\Desktop\shopify-theme\e2e\out\dawn\pre_click.png,C:\Users\aman\Desktop\shopify-theme\e2e\out\dawn\post_click.png,C:\Users\aman\Desktop\shopify-theme\e2e\out\dawn\post_refresh.png,C:\Users\aman\Desktop\shopify-theme\e2e\out\dawn\base_diff.png,C:\Users\aman\Desktop\shopify-theme\e2e\out\dawn\refresh_diff.png
Nest,Mr Parker,https://mrparkerdemo.myshopify.com/collections/bed-bath/products/unikko-f-q-duvet-set,10.3134,47.4733,0,0.07387251946391557,PASS,,C:\Users\aman\Desktop\shopify-theme\e2e\out\nest\pre_click.png,C:\Users\aman\Desktop\shopify-theme\e2e\out\nest\post_click.png,C:\Users\aman\Desktop\shopify-theme\e2e\out\nest\post_refresh.png,C:\Users\aman\Desktop\shopify-theme\e2e\out\nest\base_diff.png,C:\Users\aman\Desktop\shopify-theme\e2e\out\nest\refresh_diff.png
Balance,Impact,https://impact-theme-shape.myshopify.com/products/infinity-bra-navy-blue,,,,,ERROR,Protocol error (Page.captureScreenshot): Cannot take screenshot with 0 height.,C:\Users\aman\Desktop\shopify-theme\e2e\out\balance\pre_click.png,C:\Users\aman\Desktop\shopify-theme\e2e\out\balance\post_click.png,C:\Users\aman\Desktop\shopify-theme\e2e\out\balance\post_refresh.png,C:\Users\aman\Desktop\shopify-theme\e2e\out\balance\base_diff.png,C:\Users\aman\Desktop\shopify-theme\e2e\out\balance\refresh_diff.png
Dawn,Dawn,https://theme-dawn-demo.myshopify.com/products/bo-ivy-black,0.2950,2.4872,0,0.010157091049382717,PASS,,C:\Users\aman\Desktop\shopify-theme\e2e\out\dawn\pre_click.png,C:\Users\aman\Desktop\shopify-theme\e2e\out\dawn\post_click.png,C:\Users\aman\Desktop\shopify-theme\e2e\out\dawn\post_refresh.png,C:\Users\aman\Desktop\shopify-theme\e2e\out\dawn\base_diff.png,C:\Users\aman\Desktop\shopify-theme\e2e\out\dawn\refresh_diff.png
Nest,Mr Parker,https://mrparkerdemo.myshopify.com/collections/bed-bath/products/unikko-f-q-duvet-set,10.3134,47.4721,0,0.07380319552960812,PASS,,C:\Users\aman\Desktop\shopify-theme\e2e\out\nest\pre_click.png,C:\Users\aman\Desktop\shopify-theme\e2e\out\nest\post_click.png,C:\Users\aman\Desktop\shopify-theme\e2e\out\nest\post_refresh.png,C:\Users\aman\Desktop\shopify-theme\e2e\out\nest\base_diff.png,C:\Users\aman\Desktop\shopify-theme\e2e\out\nest\refresh_diff.png
Balance,Impact,https://impact-theme-shape.myshopify.com/products/infinity-bra-navy-blue,,,,,ERROR,Protocol error (Page.captureScreenshot): Cannot take screenshot with 0 height.,C:\Users\aman\Desktop\shopify-theme\e2e\out\balance\pre_click.png,C:\Users\aman\Desktop\shopify-theme\e2e\out\balance\post_click.png,C:\Users\aman\Desktop\shopify-theme\e2e\out\balance\post_refresh.png,C:\Users\aman\Desktop\shopify-theme\e2e\out\balance\base_diff.png,C:\Users\aman\Desktop\shopify-theme\e2e\out\balance\refresh_diff.png
Pillar,Hyper,https://hyper-pillar.myshopify.com/products/breezy-sock,,,,,ERROR,Protocol error (Page.captureScreenshot): Cannot take screenshot with 0 height.,C:\Users\aman\Desktop\shopify-theme\e2e\out\pillar\pre_click.png,C:\Users\aman\Desktop\shopify-theme\e2e\out\pillar\post_click.png,C:\Users\aman\Desktop\shopify-theme\e2e\out\pillar\post_refresh.png,C:\Users\aman\Desktop\shopify-theme\e2e\out\pillar\base_diff.png,C:\Users\aman\Desktop\shopify-theme\e2e\out\pillar\refresh_diff.png
Flora,Grid,https://grid-theme-light.myshopify.com/collections/clearance/products/finn-jumpsuit-poppy?variant=32029844832330,2.1959,5.5977,0,0.030585811594288814,PASS,,C:\Users\aman\Desktop\shopify-theme\e2e\out\flora\pre_click.png,C:\Users\aman\Desktop\shopify-theme\e2e\out\flora\post_click.png,C:\Users\aman\Desktop\shopify-theme\e2e\out\flora\post_refresh.png,C:\Users\aman\Desktop\shopify-theme\e2e\out\flora\base_diff.png,C:\Users\aman\Desktop\shopify-theme\e2e\out\flora\refresh_diff.png
Jellybean,,https://uplift-theme-myshopify.com/products/beanie-lion,,,,,ERROR,net::ERR_NAME_NOT_RESOLVED at https://uplift-theme-myshopify.com/products/beanie-lion,C:\Users\aman\Desktop\shopify-theme\e2e\out\jellybean\pre_click.png,C:\Users\aman\Desktop\shopify-theme\e2e\out\jellybean\post_click.png,C:\Users\aman\Desktop\shopify-theme\e2e\out\jellybean\post_refresh.png,C:\Users\aman\Desktop\shopify-theme\e2e\out\jellybean\base_diff.png,C:\Users\aman\Desktop\shopify-theme\e2e\out\jellybean\refresh_diff.png
Dawn,Dawn,https://theme-dawn-demo.myshopify.com/products/bo-ivy-black,0.0000,2.2194,0,0.009375929591049383,PASS,,C:\Users\aman\Desktop\shopify-theme\e2e\out\dawn\pre_click.png,C:\Users\aman\Desktop\shopify-theme\e2e\out\dawn\post_click.png,C:\Users\aman\Desktop\shopify-theme\e2e\out\dawn\post_refresh.png,C:\Users\aman\Desktop\shopify-theme\e2e\out\dawn\base_diff.png,C:\Users\aman\Desktop\shopify-theme\e2e\out\dawn\refresh_diff.png
Nest,Mr Parker,https://mrparkerdemo.myshopify.com/collections/bed-bath/products/unikko-f-q-duvet-set,10.3134,47.4721,0,0.07612769315870951,PASS,,C:\Users\aman\Desktop\shopify-theme\e2e\out\nest\pre_click.png,C:\Users\aman\Desktop\shopify-theme\e2e\out\nest\post_click.png,C:\Users\aman\Desktop\shopify-theme\e2e\out\nest\post_refresh.png,C:\Users\aman\Desktop\shopify-theme\e2e\out\nest\base_diff.png,C:\Users\aman\Desktop\shopify-theme\e2e\out\nest\refresh_diff.png
Balance,Impact,https://impact-theme-shape.myshopify.com/products/infinity-bra-navy-blue,,,,,ERROR,Protocol error (Page.captureScreenshot): Cannot take screenshot with 0 height.,C:\Users\aman\Desktop\shopify-theme\e2e\out\balance\pre_click.png,C:\Users\aman\Desktop\shopify-theme\e2e\out\balance\post_click.png,C:\Users\aman\Desktop\shopify-theme\e2e\out\balance\post_refresh.png,C:\Users\aman\Desktop\shopify-theme\e2e\out\balance\base_diff.png,C:\Users\aman\Desktop\shopify-theme\e2e\out\balance\refresh_diff.png
Pillar,Hyper,https://hyper-pillar.myshopify.com/products/breezy-sock,,,,,ERROR,Protocol error (Page.captureScreenshot): Cannot take screenshot with 0 height.,C:\Users\aman\Desktop\shopify-theme\e2e\out\pillar\pre_click.png,C:\Users\aman\Desktop\shopify-theme\e2e\out\pillar\post_click.png,C:\Users\aman\Desktop\shopify-theme\e2e\out\pillar\post_refresh.png,C:\Users\aman\Desktop\shopify-theme\e2e\out\pillar\base_diff.png,C:\Users\aman\Desktop\shopify-theme\e2e\out\pillar\refresh_diff.png
Flora,Grid,https://grid-theme-light.myshopify.com/collections/clearance/products/finn-jumpsuit-poppy?variant=32029844832330,2.1959,5.6040,0,0.05267497518289746,PASS,,C:\Users\aman\Desktop\shopify-theme\e2e\out\flora\pre_click.png,C:\Users\aman\Desktop\shopify-theme\e2e\out\flora\post_click.png,C:\Users\aman\Desktop\shopify-theme\e2e\out\flora\post_refresh.png,C:\Users\aman\Desktop\shopify-theme\e2e\out\flora\base_diff.png,C:\Users\aman\Desktop\shopify-theme\e2e\out\flora\refresh_diff.png
Jellybean,,https://uplift-theme-myshopify.com/products/beanie-lion,,,,,ERROR,net::ERR_NAME_NOT_RESOLVED at https://uplift-theme-myshopify.com/products/beanie-lion,C:\Users\aman\Desktop\shopify-theme\e2e\out\jellybean\pre_click.png,C:\Users\aman\Desktop\shopify-theme\e2e\out\jellybean\post_click.png,C:\Users\aman\Desktop\shopify-theme\e2e\out\jellybean\post_refresh.png,C:\Users\aman\Desktop\shopify-theme\e2e\out\jellybean\base_diff.png,C:\Users\aman\Desktop\shopify-theme\e2e\out\jellybean\refresh_diff.png
Dawn,Dawn,https://theme-dawn-demo.myshopify.com/products/bo-ivy-black,0.0000,2.2162,0,0.009375929591049383,PASS,,C:\Users\aman\Desktop\shopify-theme\e2e\out\dawn\pre_click.png,C:\Users\aman\Desktop\shopify-theme\e2e\out\dawn\post_click.png,C:\Users\aman\Desktop\shopify-theme\e2e\out\dawn\post_refresh.png,C:\Users\aman\Desktop\shopify-theme\e2e\out\dawn\base_diff.png,C:\Users\aman\Desktop\shopify-theme\e2e\out\dawn\refresh_diff.png
Nest,Mr Parker,https://mrparkerdemo.myshopify.com/collections/bed-bath/products/unikko-f-q-duvet-set,10.3134,47.5960,0.0002706656234728357,0.07612769315870951,PASS,,C:\Users\aman\Desktop\shopify-theme\e2e\out\nest\pre_click.png,C:\Users\aman\Desktop\shopify-theme\e2e\out\nest\post_click.png,C:\Users\aman\Desktop\shopify-theme\e2e\out\nest\post_refresh.png,C:\Users\aman\Desktop\shopify-theme\e2e\out\nest\base_diff.png,C:\Users\aman\Desktop\shopify-theme\e2e\out\nest\refresh_diff.png
Balance,Impact,https://impact-theme-shape.myshopify.com/products/infinity-bra-navy-blue,1.0493,81.7082,0,0.00659086267472889,PASS,,C:\Users\aman\Desktop\shopify-theme\e2e\out\balance\pre_click.png,C:\Users\aman\Desktop\shopify-theme\e2e\out\balance\post_click.png,C:\Users\aman\Desktop\shopify-theme\e2e\out\balance\post_refresh.png,C:\Users\aman\Desktop\shopify-theme\e2e\out\balance\base_diff.png,C:\Users\aman\Desktop\shopify-theme\e2e\out\balance\refresh_diff.png
Pillar,Hyper,https://hyper-pillar.myshopify.com/products/breezy-sock,0.0000,38.6031,0,0.00536064140186281,PASS,,C:\Users\aman\Desktop\shopify-theme\e2e\out\pillar\pre_click.png,C:\Users\aman\Desktop\shopify-theme\e2e\out\pillar\post_click.png,C:\Users\aman\Desktop\shopify-theme\e2e\out\pillar\post_refresh.png,C:\Users\aman\Desktop\shopify-theme\e2e\out\pillar\base_diff.png,C:\Users\aman\Desktop\shopify-theme\e2e\out\pillar\refresh_diff.png
Flora,Grid,https://grid-theme-light.myshopify.com/collections/clearance/products/finn-jumpsuit-poppy?variant=32029844832330,1.1796,8.8583,0,0.03576754726839938,PASS,,C:\Users\aman\Desktop\shopify-theme\e2e\out\flora\pre_click.png,C:\Users\aman\Desktop\shopify-theme\e2e\out\flora\post_click.png,C:\Users\aman\Desktop\shopify-theme\e2e\out\flora\post_refresh.png,C:\Users\aman\Desktop\shopify-theme\e2e\out\flora\base_diff.png,C:\Users\aman\Desktop\shopify-theme\e2e\out\flora\refresh_diff.png
Jellybean,Sunrise,https://uplift-theme.myshopify.com/products/beanie-lion,5.1795,,0.005115843672129235,,ERROR,no_variant_available,C:\Users\aman\Desktop\shopify-theme\e2e\out\jellybean\pre_click.png,C:\Users\aman\Desktop\shopify-theme\e2e\out\jellybean\post_click.png,C:\Users\aman\Desktop\shopify-theme\e2e\out\jellybean\post_refresh.png,C:\Users\aman\Desktop\shopify-theme\e2e\out\jellybean\base_diff.png,C:\Users\aman\Desktop\shopify-theme\e2e\out\jellybean\refresh_diff.png
